{
  "view_matrix": [
    [
      0.8253356218338013,
      0.5646424889564514,
      -7.450580596923828e-09,
      -0.018471186980605125
    ],
    [
      -0.15104123950004578,
      0.22077634930610657,
      0.9635581970214844,
      -0.16674956679344177
    ],
    [
      0.5440658926963806,
      -0.7952588796615601,
      0.2674988806247711,
      -1.2224700450897217
    ],
    [
      -0.0,
      0.0,
      -0.0,
      1.0
    ]
  ],
  "lens": 50.0,
  "sensor_width": 36.0,
  "sensor_height": 24.0,
  "sensor_fit": "AUTO",
  "shift_x": 0.0,
  "shift_y": 0.0,
  "res_x": 1920,
  "res_y": 1080,
  "pixel_aspect_x": 1.0,
  "pixel_aspect_y": 1.0,
  "subject_corners": [
    [
      -0.06713975220918655,
      -0.02642938308417797,
      0.0400000624358654
    ],
    [
      -0.04680352285504341,
      -0.05491513013839722,
      0.039999935775995255
    ],
    [
      -0.04680322855710983,
      -0.05491553992033005,
      0.1799999326467514
    ],
    [
      -0.06713946163654327,
      -0.0264297965914011,
      0.18000006675720215
    ],
    [
      0.04680322855710983,
      0.05491553992033005,
      0.0400000624358654
    ],
    [
      0.06713946163654327,
      0.0264297965914011,
      0.039999935775995255
    ],
    [
      0.06713975220918655,
      0.02642938308417797,
      0.1799999326467514
    ],
    [
      0.04680352285504341,
      0.05491513013839722,
      0.18000006675720215
    ]
  ]
}